{"variables":[],"info":{"name":"","_postman_id":"406ee285-3e67-4d96-b569-c2ef3818df85","description":"","schema":"https:\/\/schema.getpostman.com\/json\/collection\/v2.0.0\/collection.json"},"item":[{"name":"general","description":"","item":[{"name":"http:\/\/mitracms.localhost\/api\/login","request":{"url":"http:\/\/mitracms.localhost\/api\/login","method":"POST","body":{"mode":"formdata","formdata":[]},"description":"","response":[]}},{"name":"http:\/\/mitracms.localhost\/api\/get-details","request":{"url":"http:\/\/mitracms.localhost\/api\/get-details","method":"POST","body":{"mode":"formdata","formdata":[]},"description":"","response":[]}},{"name":"Get all the users in the database","request":{"url":"http:\/\/mitracms.localhost\/api\/users","method":"GET","body":{"mode":"formdata","formdata":[]},"description":"","response":[]}},{"name":"Get all details of a user; in-depth","request":{"url":"http:\/\/mitracms.localhost\/api\/users\/{user}","method":"GET","body":{"mode":"formdata","formdata":[]},"description":"","response":[]}},{"name":"Add a new user to the database.","request":{"url":"http:\/\/mitracms.localhost\/api\/users","method":"POST","body":{"mode":"formdata","formdata":[{"key":"name","value":"ut","type":"text","enabled":true}]},"description":"","response":[]}},{"name":"Update a user specified.","request":{"url":"http:\/\/mitracms.localhost\/api\/users","method":"PATCH","body":{"mode":"formdata","formdata":[{"key":"name","value":"eum","type":"text","enabled":true}]},"description":"","response":[]}},{"name":"Remove a user from a database","request":{"url":"http:\/\/mitracms.localhost\/api\/users","method":"DELETE","body":{"mode":"formdata","formdata":[]},"description":"","response":[]}},{"name":"Get all projects belong to the authenticated user.","request":{"url":"http:\/\/mitracms.localhost\/api\/projects","method":"GET","body":{"mode":"formdata","formdata":[]},"description":"","response":[]}},{"name":"Get a single project","request":{"url":"http:\/\/mitracms.localhost\/api\/projects\/{project}","method":"GET","body":{"mode":"formdata","formdata":[]},"description":"","response":[]}},{"name":"Add a new project.","request":{"url":"http:\/\/mitracms.localhost\/api\/projects","method":"POST","body":{"mode":"formdata","formdata":[{"key":"name","value":"vel","type":"text","enabled":true},{"key":"submission_date","value":"vel","type":"text","enabled":true},{"key":"received_date","value":"vel","type":"text","enabled":true},{"key":"description","value":"vel","type":"text","enabled":true},{"key":"account_id","value":"vel","type":"text","enabled":true}]},"description":"","response":[]}},{"name":"Update the project details","request":{"url":"http:\/\/mitracms.localhost\/api\/projects\/edit","method":"PATCH","body":{"mode":"formdata","formdata":[{"key":"name","value":"tempore","type":"text","enabled":true},{"key":"submission_date","value":"tempore","type":"text","enabled":true},{"key":"received_date","value":"tempore","type":"text","enabled":true},{"key":"description","value":"tempore","type":"text","enabled":true},{"key":"account_id","value":"tempore","type":"text","enabled":true}]},"description":"","response":[]}},{"name":"Add a new project.","request":{"url":"http:\/\/mitracms.localhost\/api\/projects\/{project}","method":"DELETE","body":{"mode":"formdata","formdata":[{"key":"name","value":"odio","type":"text","enabled":true},{"key":"submission_date","value":"odio","type":"text","enabled":true},{"key":"received_date","value":"odio","type":"text","enabled":true},{"key":"description","value":"odio","type":"text","enabled":true},{"key":"account_id","value":"odio","type":"text","enabled":true}]},"description":"","response":[]}},{"name":"Get all phases.","request":{"url":"http:\/\/mitracms.localhost\/api\/projects\/{project}\/phase","method":"GET","body":{"mode":"formdata","formdata":[]},"description":"","response":[]}},{"name":"Get details of a specific phase","request":{"url":"http:\/\/mitracms.localhost\/api\/projects\/{project}\/phase\/{phase}","method":"GET","body":{"mode":"formdata","formdata":[]},"description":"","response":[]}},{"name":"Add a new phase to the Project","request":{"url":"http:\/\/mitracms.localhost\/api\/projects\/{project}\/phase","method":"POST","body":{"mode":"formdata","formdata":[{"key":"name","value":"aut","type":"text","enabled":true},{"key":"description","value":"aut","type":"text","enabled":true}]},"description":"","response":[]}},{"name":"Update a phase","request":{"url":"http:\/\/mitracms.localhost\/api\/projects\/{project}\/phase\/edit","method":"PATCH","body":{"mode":"formdata","formdata":[{"key":"name","value":"possimus","type":"text","enabled":true},{"key":"description","value":"possimus","type":"text","enabled":true}]},"description":"","response":[]}},{"name":"Remove a phase","request":{"url":"http:\/\/mitracms.localhost\/api\/projects\/{project}\/phase","method":"DELETE","body":{"mode":"formdata","formdata":[]},"description":"","response":[]}},{"name":"http:\/\/mitracms.localhost\/api\/logout","request":{"url":"http:\/\/mitracms.localhost\/api\/logout","method":"POST","body":{"mode":"formdata","formdata":[]},"description":"","response":[]}}]}]}